{"epoch":9,"_wandb":{"runtime":201},"trainer/global_step":549,"_timestamp":1.7319457774588737e+09,"_runtime":194.0040371,"_step":10,"train_loss":0.0006916664424352348}