{"_timestamp":1.7319480034775038e+09,"_runtime":52.5424374,"_step":1,"_wandb":{"runtime":63},"train_loss":0.5698792934417725,"epoch":1,"trainer/global_step":99}