{"_runtime":255.02591,"_step":10,"_wandb":{"runtime":260},"train_loss":0.0007378095760941505,"epoch":9,"trainer/global_step":549,"_timestamp":1.7319475547530198e+09}