{"_timestamp":1.7319698904761834e+09,"_runtime":22.4230403,"_wandb":{"runtime":27},"_step":0,"train_loss":0.016469988971948624,"epoch":0,"trainer/global_step":49}